{
  "summary": {
    "acceptance_posture": "freeze_v132a_commercial_aerospace_minute_tiered_label_specification_v1",
    "registry_row_count": 6,
    "severity_tier_count": 3,
    "authoritative_rule": "the minute branch should now move from loose case supervision to explicit tiered label specification using severe, reversal, and mild override tiers"
  },
  "tier_rows": [
    {
      "severity_tier": "severe_override_positive",
      "row_count": 2,
      "open_to_close_return_mean": -0.09493503,
      "open_to_close_return_min": -0.09987006,
      "open_to_close_return_max": -0.09,
      "close_location_mean": 0.03070176,
      "close_location_min": 0.0,
      "close_location_max": 0.06140351,
      "ret15_mean": -0.0466017,
      "ret15_min": -0.09987006,
      "ret15_max": 0.00666667,
      "ret30_mean": -0.05743503,
      "ret30_min": -0.09987006,
      "ret30_max": -0.015,
      "ret60_mean": -0.07443503,
      "ret60_min": -0.09987006,
      "ret60_max": -0.049,
      "draw15_mean": -0.0666017,
      "draw15_min": -0.09987006,
      "draw15_max": -0.03333333,
      "draw60_mean": -0.07476836,
      "draw60_min": -0.09987006,
      "draw60_max": -0.04966667,
      "close_loc15_mean": 0.42857143,
      "close_loc15_min": 0.0,
      "close_loc15_max": 0.85714286,
      "close_loc60_mean": 0.005,
      "close_loc60_min": 0.0,
      "close_loc60_max": 0.01
    },
    {
      "severity_tier": "reversal_watch",
      "row_count": 2,
      "open_to_close_return_mean": -0.07574917,
      "open_to_close_return_min": -0.07829615,
      "open_to_close_return_max": -0.07320219,
      "close_location_mean": 0.07406542,
      "close_location_min": 0.05,
      "close_location_max": 0.09813084,
      "ret15_mean": -0.03403548,
      "ret15_min": -0.06774848,
      "ret15_max": -0.00032248,
      "ret30_mean": -0.05090297,
      "ret30_min": -0.07342799,
      "ret30_max": -0.02837794,
      "ret60_mean": -0.05955273,
      "ret60_min": -0.06815416,
      "ret60_max": -0.05095131,
      "draw15_mean": -0.04689811,
      "draw15_min": -0.06896552,
      "draw15_max": -0.0248307,
      "draw60_mean": -0.06754152,
      "draw60_min": -0.0831643,
      "draw60_max": -0.05191874,
      "close_loc15_mean": 0.40057611,
      "close_loc15_min": 0.01764706,
      "close_loc15_max": 0.78350515,
      "close_loc60_mean": 0.0985312,
      "close_loc60_min": 0.01657459,
      "close_loc60_max": 0.1804878
    },
    {
      "severity_tier": "mild_override_watch",
      "row_count": 2,
      "open_to_close_return_mean": -0.03333308,
      "open_to_close_return_min": -0.04148629,
      "open_to_close_return_max": -0.02517986,
      "close_location_mean": 0.34745988,
      "close_location_min": 0.18834081,
      "close_location_max": 0.50657895,
      "ret15_mean": -0.02411266,
      "ret15_min": -0.03992806,
      "ret15_max": -0.00829726,
      "ret30_mean": -0.03980634,
      "ret30_min": -0.04040404,
      "ret30_max": -0.03920863,
      "ret60_mean": -0.05007111,
      "ret60_min": -0.05071942,
      "ret60_max": -0.0494228,
      "draw15_mean": -0.02663791,
      "draw15_min": -0.03992806,
      "draw15_max": -0.01334776,
      "draw60_mean": -0.0522325,
      "draw60_min": -0.0528777,
      "draw60_max": -0.0515873,
      "close_loc15_mean": 0.06862745,
      "close_loc15_min": 0.0,
      "close_loc15_max": 0.1372549,
      "close_loc60_mean": 0.03415992,
      "close_loc60_min": 0.02884615,
      "close_loc60_max": 0.03947368
    }
  ],
  "proposed_label_rules": [
    {
      "tier": "severe_override_positive",
      "rule_name": "hard_collapse_or_delayed_flush_severe",
      "rule_text": "label severe_override_positive when either (ret15 <= -0.05 and close_loc15 <= 0.05 and open_to_close_return <= -0.09) or (ret60 <= -0.048 and close_loc60 <= 0.02 and open_to_close_return <= -0.08)",
      "motivation": "covers both the immediate hard collapse and the delayed first-hour flush seen in the two severe retained seeds"
    },
    {
      "tier": "reversal_watch",
      "rule_name": "early_crack_or_delayed_rollover_reversal",
      "rule_text": "label reversal_watch when ret60 <= -0.05 and close_loc60 <= 0.20 and open_to_close_return <= -0.06 while the severe rule is not satisfied",
      "motivation": "keeps the first-hour reversal class broad enough to include both early cracks and delayed rollovers without collapsing into the severe tier"
    },
    {
      "tier": "mild_override_watch",
      "rule_name": "persistent_soft_collapse_watch",
      "rule_text": "label mild_override_watch when ret60 <= -0.045 and draw60 <= -0.045 and close_loc60 <= 0.05 while neither severe nor reversal rules are satisfied",
      "motivation": "captures the weaker but still real persistent deterioration cases that were initially surfaced as ambiguous hits"
    }
  ],
  "interpretation": [
    "V1.32A converts the frozen intraday supervision registry into explicit minute-tier label envelopes.",
    "The goal is not replay modification; the goal is to define a canonical supervision vocabulary for later 1-minute formalization."
  ]
}